{"cameraMode":{"drawMode":0,"name":"Shaded","section":"Shading Mode"},"sceneLighting":false,"audioPlay":false,"sceneViewState":{"showFog":true,"showMaterialUpdate":false,"showSkybox":false,"showFlares":true,"showImageEffects":true,"showParticleSystems":true},"in2DMode":false,"pivot":{"x":0.05480694770812988,"y":0.7048244476318359,"z":7.448741436004639},"rotation":{"x":0.21800492703914643,"y":0.7737019062042236,"z":-0.3513873219490051,"w":0.48002326488494875},"size":2.747044324874878,"orthographic":false}