{"cameraMode":{"drawMode":0,"name":"Shaded","section":"Shading Mode"},"sceneLighting":false,"audioPlay":false,"sceneViewState":{"showFog":true,"showMaterialUpdate":false,"showSkybox":false,"showFlares":true,"showImageEffects":true,"showParticleSystems":true},"in2DMode":false,"pivot":{"x":-0.25305530428886416,"y":0.15930336713790894,"z":-0.03719738870859146},"rotation":{"x":0.2695195972919464,"y":0.5402902960777283,"z":-0.18797342479228974,"w":0.7746951580047607},"size":0.06444811820983887,"orthographic":false}